hex,last_seen,alt_first,alt_last,baro_rate_med,gs_avg,lat_last,lon_last,track_last,flight,category,rssi_last,nac_p_last,dist_km,bearing,hdg_diff,phase,target_time,state
SYNDEP0000,2026-06-01 06:57:59.832266996,13990.955715783391,7150.510013340482,2083.268322991644,271.5206813751355,41.01205175215381,29.250242388851483,14.025164189804347,SYN0000,A5,-16.365321802699803,8.0,8.496040495334231,340.01310827618903,114.84790237811609,DEPARTURE,2026-06-01 07:00:34.832266996,SYNTHETIC
SYNDEP0001,2026-06-01 06:58:18.238860449,16155.496296978541,8909.30565485099,1528.054207346451,210.86309148506865,41.09870094018762,29.450009327509584,98.25833223896404,SYN0001,A3,-18.502657917332293,10.0,8.12027205201723,74.78306473304939,134.9918386068495,DEPARTURE,2026-06-01 07:00:50.238860449,SYNTHETIC
SYNDEP0002,2026-06-01 06:58:00.676983490,14129.19247111192,8374.09183295404,1822.4400867200545,275.6036295290051,40.88851802709419,29.165371715254736,358.1292328531098,SYN0002,A5,-14.031626654495536,8.0,10.0846016442326,245.84207614151222,86.69634153019358,DEPARTURE,2026-06-01 07:01:51.676983490,SYNTHETIC
SYNDEP0003,2026-06-01 06:59:04.676983490,14420.479910451655,7234.507474935636,840.8891435582116,294.80165385213087,41.03671598388215,29.248512195003453,330.6226361005079,SYN0003,A5,-13.973355894534935,9.0,16.362843310344612,46.18491277575962,106.20960365225724,DEPARTURE,2026-06-01 07:02:01.676983490,SYNTHETIC
SYNDEP0004,2026-06-01 07:06:41.002099311,12625.211934693536,3391.183057867266,2087.2327290661187,372.52316169218767,40.966667540263984,29.12091280432853,77.42729093628031,SYN0004,A3,-16.596993563334717,10.0,23.171944603870664,75.45472139763953,71.02035082291718,DEPARTURE,2026-06-01 07:10:46.002099311,SYNTHETIC
SYNDEP0005,2026-06-01 07:07:42.432447816,19797.324775499666,3568.3761096169055,1814.6067005327322,284.2999532502608,40.983528106334546,29.39699571642225,111.60087548901578,SYN0005,A5,-11.401499431344659,10.0,14.683889857968655,162.34187359801342,56.169088210964226,DEPARTURE,2026-06-01 07:12:20.432447816,SYNTHETIC
SYNDEP0006,2026-06-01 07:16:44.994808879,19197.055524160143,6248.339182723343,1484.435986085513,163.29114788948476,41.0957559601327,29.160261102973166,166.93364961667854,SYN0006,A3,-11.545421012845717,10.0,16.426513788994136,206.31461088294583,131.05702722188875,DEPARTURE,2026-06-01 07:18:59.994808879,SYNTHETIC
SYNDEP0007,2026-06-01 07:22:00.661644787,17612.301562682012,7975.160348211239,1758.0450750644486,275.3007283607689,40.99619615992533,29.202808006259385,303.98887679732763,SYN0007,A3,-18.909456935175687,8.0,8.401167503191004,359.59076654100585,105.49983391257844,DEPARTURE,2026-06-01 07:26:26.661644787,SYNTHETIC
SYNDEP0008,2026-06-01 07:32:34.729997116,21916.587855831443,6175.256158402649,1193.8018795831003,416.9752066554153,41.069645067701074,29.410093300877286,288.9525389015128,SYN0008,A3,-13.049616121900819,9.0,4.337617094650264,9.333442112739888,109.6147439760753,DEPARTURE,2026-06-01 07:33:49.729997116,SYNTHETIC
SYNDEP0009,2026-06-01 07:31:58.456757260,15432.262910294825,9875.635791738398,1268.2239657673204,323.31831174925196,41.01772507041577,29.313886686969084,45.446917163861585,SYN0009,A5,-16.06165243814978,9.0,15.23188985788092,0.11319107187130584,150.08460591978454,DEPARTURE,2026-06-01 07:36:35.456757260,SYNTHETIC
SYNDEP0010,2026-06-01 07:49:57.630015270,25095.287245331903,7162.337242364949,1314.6221545498415,239.45555280957058,40.83821583651742,29.105589087767388,44.80158540540677,SYN0010,A5,-10.002851489371071,10.0,11.369926596804572,126.13215409738127,47.80630662725707,DEPARTURE,2026-06-01 07:51:15.630015270,SYNTHETIC
SYNDEP0011,2026-06-01 07:56:10.640865138,15317.411753910339,5104.961825661469,758.9088553238888,309.5553257215278,41.00982711309669,29.10089408189896,150.02361140185607,SYN0011,A2,-17.749763703153477,9.0,1.0,131.81629240887116,67.91894927362311,DEPARTURE,2026-06-01 08:00:29.640865138,SYNTHETIC
SYNDEP0012,2026-06-01 08:11:33.124907054,16765.58005526805,7165.711121036272,1844.7033976813468,242.89932875551298,40.94529467660564,29.30426425269596,313.23434026095794,SYN0012,A5,-17.194757945855105,9.0,7.375443012595216,318.18140499550736,96.31733395338782,DEPARTURE,2026-06-01 08:13:48.124907054,SYNTHETIC
SYNDEP0013,2026-06-01 08:12:39.491225512,14806.666258179375,8677.579508949657,1976.6374456730266,212.30962402265712,41.075639397894705,29.22198220549968,317.5505996743808,SYN0013,A4,-15.578937054442726,8.0,9.336823812147571,328.5297171710287,67.42747048955033,DEPARTURE,2026-06-01 08:17:29.491225512,SYNTHETIC
SYNDEP0014,2026-06-01 08:24:56.346137184,17116.976680180916,8974.654156473753,1219.4623400944633,262.58153183829637,41.04205033415714,29.172124578398073,38.65170588715087,SYN0014,A3,-17.31284851319337,8.0,5.91633706377217,316.98899148935476,121.325461410898,DEPARTURE,2026-06-01 08:26:00.346137184,SYNTHETIC
SYNDEP0015,2026-06-01 08:25:58.758993658,18506.844783658733,13635.137395979387,1639.2812063779274,284.57632196194305,40.83124040628216,29.345437575086446,206.74702366759857,SYN0015,A4,-13.080066336134857,9.0,21.853884756337017,51.5443501749772,82.50403116384064,DEPARTURE,2026-06-01 08:28:33.758993658,SYNTHETIC
SYNDEP0016,2026-06-01 08:29:31.654086760,15658.250820840749,5993.271979989742,1393.7838101483055,186.3922248783302,40.84017469309607,29.191374588686973,56.04307096504065,SYN0016,A3,-15.190918878185194,8.0,13.838712295217734,148.35774066518644,50.29868770011242,DEPARTURE,2026-06-01 08:34:04.654086760,SYNTHETIC
SYNDEP0017,2026-06-01 08:38:23.305403902,21330.159541352863,7779.564015228799,1631.3095848324122,222.5420354730682,40.82088330053958,29.33688285987398,247.0065516010018,SYN0017,A3,-17.791211651504597,9.0,20.985399343109183,268.51865842620833,92.63086700750647,DEPARTURE,2026-06-01 08:39:05.305403902,SYNTHETIC
SYNDEP0018,2026-06-01 08:37:42.875518435,16717.447853900383,9278.37184045828,1248.9691035155884,280.51677815911773,40.947973462423384,29.25170638023451,329.9159692544063,SYN0018,A3,-14.936259305134374,10.0,12.107402093217276,112.53998440232691,96.81355083227152,DEPARTURE,2026-06-01 08:39:23.875518435,SYNTHETIC
SYNDEP0019,2026-06-01 08:39:28.134040613,16811.4561583306,7929.731122397554,1146.6299375649457,259.5913412005523,40.8242315277622,29.174698487067918,163.7169452912137,SYN0019,A3,-11.112122336349616,9.0,10.651102691400622,238.76569026379846,127.38728251585322,DEPARTURE,2026-06-01 08:40:20.134040613,SYNTHETIC
SYNDEP0020,2026-06-01 08:44:51.453240960,13273.006916458848,6498.14556203404,1920.829954409497,299.74056355730454,41.01710350097241,29.1552418951475,29.90979888913854,SYN0020,A3,-12.076043531499472,9.0,2.5072174591180065,85.37143074879313,105.72563612589697,DEPARTURE,2026-06-01 08:46:47.453240960,SYNTHETIC
SYNDEP0021,2026-06-01 08:44:42.453240960,17255.497223651153,3352.2284709672695,1474.451765950203,219.26658363457193,40.96570757443513,29.194744241250916,208.5315105220364,SYN0021,A3,-15.011710755731789,8.0,10.095436265572534,116.4309328658909,108.44585565439343,DEPARTURE,2026-06-01 08:46:57.453240960,SYNTHETIC
SYNDEP0022,2026-06-01 08:49:46.651716184,15597.918337571904,6467.496322840953,2308.8435803413904,315.70568742766505,41.05076550526594,29.111932843205196,147.0660012489077,SYN0022,A3,-17.115073968580525,9.0,10.104431405403522,309.7546737654542,102.811667360289,DEPARTURE,2026-06-01 08:53:03.651716184,SYNTHETIC
SYNDEP0023,2026-06-01 08:55:05.224067899,14175.28081198814,4778.892761846597,1518.523985917656,220.81204514699024,40.883938736601394,29.223250784814507,291.9235508402257,SYN0023,A3,-18.201135352974724,9.0,1.0,90.18325299203823,82.47109914832278,DEPARTURE,2026-06-01 08:56:44.224067899,SYNTHETIC
SYNDEP0024,2026-06-01 09:12:12.224067899,13670.576775554908,2820.179956628665,1129.568783859803,362.1367150968815,40.955742235248344,29.46078187607272,122.52400701349958,SYN0024,A5,-11.216171228131046,8.0,5.683780241836841,347.1566712785507,61.35123539554941,DEPARTURE,2026-06-01 09:13:24.224067899,SYNTHETIC
SYNDEP0025,2026-06-01 09:12:19.224067899,24015.290139270055,5612.963474988241,1990.7763505743756,194.21208578108417,40.83524390577316,29.43254485035321,314.9629921701321,SYN0025,A5,-12.898330595013036,8.0,7.4137392118691015,110.2534419372649,101.55353406637504,DEPARTURE,2026-06-01 09:13:34.224067899,SYNTHETIC
SYNDEP0026,2026-06-01 09:11:52.108023546,15209.568249462895,4858.724837700636,1752.3200656584079,225.37228648082936,41.06538300079509,29.248801502687865,98.53214674852255,SYN0026,A3,-14.278366968525415,10.0,13.307836352445772,8.470119536379848,76.67500936465437,DEPARTURE,2026-06-01 09:16:35.108023546,SYNTHETIC
SYNDEP0027,2026-06-01 09:25:02.396854518,11629.043737656197,9751.359635878844,1790.7491454785695,300.86854015159145,40.85250148868695,29.33033344743272,56.70634891992694,SYN0027,A3,-11.205653540463317,10.0,13.69080089588565,91.76432536892537,157.5929048176406,DEPARTURE,2026-06-01 09:29:49.396854518,SYNTHETIC
SYNDEP0028,2026-06-01 09:28:30.396854518,13905.335620802281,9803.27551224288,1976.2402715471674,363.2116625748819,40.83070867540512,29.326944223605626,110.33293583468877,SYN0028,A3,-18.783097126259104,9.0,5.349452144278361,61.63377920763327,143.68729179092875,DEPARTURE,2026-06-01 09:29:59.396854518,SYNTHETIC
SYNDEP0029,2026-06-01 09:33:03.617498829,15845.296481571359,5288.362131257376,1238.8814824616823,295.7521518058085,40.86151517955695,29.431495015677484,12.569685056188744,SYN0029,A3,-13.175107139979318,10.0,13.750956820335078,182.4577078383179,115.31356529406433,DEPARTURE,2026-06-01 09:34:25.617498829,SYNTHETIC
SYNDEP0030,2026-06-01 09:35:29.711461723,17640.001097849454,7219.314108310637,1449.098676405885,308.14289600911957,41.04186944661689,29.194516040606786,101.24854807472687,SYN0030,A5,-17.83287687586768,8.0,8.543368565211864,40.57778387802961,105.13867757171943,DEPARTURE,2026-06-01 09:36:13.711461723,SYNTHETIC
SYNDEP0031,2026-06-01 09:32:37.345661787,17664.38956517594,2425.272013662394,1431.4200674048827,280.87684508365294,40.8317443583054,29.218554995517206,237.64234819753105,SYN0031,A3,-18.79422558984013,8.0,1.0,225.37759580834748,86.48163796075292,DEPARTURE,2026-06-01 09:37:26.345661787,SYNTHETIC
SYNDEP0032,2026-06-01 09:39:25.355968506,18029.843655329576,6516.980149451918,983.7013852337526,228.68007729424033,40.98432824845145,29.220714173498244,51.22187228037324,SYN0032,A5,-15.343914899930668,10.0,6.122383744387662,314.9636654003381,39.555050746114595,DEPARTURE,2026-06-01 09:43:05.355968506,SYNTHETIC
SYNDEP0033,2026-06-01 09:41:46.873513942,14065.419080088011,9196.945702107038,1394.5639399367026,255.49308258803103,41.02385439018454,29.116347995908672,40.09139020317167,SYN0033,A5,-16.126070702356465,8.0,18.631909121139028,130.50679744934484,81.35311106712138,DEPARTURE,2026-06-01 09:45:41.873513942,SYNTHETIC
SYNDEP0034,2026-06-01 09:47:26.615921804,17021.321330504637,10474.813668842307,2034.5517831507298,219.40451400093616,41.02532434814486,29.225875145315676,47.65870485156614,SYN0034,A3,-10.588263906748146,9.0,1.0,60.657378949945596,94.05600133621027,DEPARTURE,2026-06-01 09:49:14.615921804,SYNTHETIC
SYNDEP0035,2026-06-01 09:46:01.615921804,13371.821607668264,5860.858754926058,1594.9352415175388,216.06450161115643,40.85701826598244,29.451165510635203,27.91860273412789,SYN0035,A5,-16.760204532481836,8.0,10.901529603324322,144.00899848238868,99.1782589777865,DEPARTURE,2026-06-01 09:49:24.615921804,SYNTHETIC
SYNDEP0036,2026-06-01 09:51:54.192138263,14141.071050957966,11155.56458158256,961.5754688620049,300.08744596598734,40.81848719951328,29.464795059028592,314.86874826345826,SYN0036,A3,-11.850977409479976,8.0,22.6820897134823,282.9480557222257,108.78145468063305,DEPARTURE,2026-06-01 09:52:40.192138263,SYNTHETIC
SYNDEP0037,2026-06-01 09:49:28.152585361,13246.873076499221,3452.924235459585,877.664235334026,223.84110089560193,40.934641915131664,29.14385413830742,339.8814415787501,SYN0037,A5,-12.511729995316553,9.0,3.9150963759161543,212.9355626686544,126.8532079151074,DEPARTURE,2026-06-01 09:53:00.152585361,SYNTHETIC
SYNDEP0038,2026-06-01 09:52:38.613127540,12434.833436205192,4257.1166025686225,2165.9104234993088,295.9777003361681,40.86074560357336,29.283223416647374,16.76201462236306,SYN0038,A5,-13.320761299414638,9.0,10.017192643421486,36.41155679793712,62.313837132285315,DEPARTURE,2026-06-01 09:55:44.613127540,SYNTHETIC
SYNDEP0039,2026-06-01 09:54:08.032437839,19192.628466574028,10128.985596913628,1463.872395897948,214.90886238894512,41.00978124270418,29.252539560635057,273.6258413556745,SYN0039,A5,-10.795995270399404,10.0,1.0,193.387375557732,62.67697571163955,DEPARTURE,2026-06-01 09:56:07.032437839,SYNTHETIC
SYNDEP0040,2026-06-01 09:57:01.183016934,18065.835102936664,13013.363685689741,1241.0359177193532,294.81915100583774,40.90700783989662,29.295743678649355,265.3746288181912,SYN0040,A5,-15.92075405618658,10.0,23.017849133308577,168.51073732401355,148.03426718972636,DEPARTURE,2026-06-01 10:00:42.183016934,SYNTHETIC
SYNDEP0041,2026-06-01 09:58:05.504416166,18929.99610993439,9480.295964551085,1390.4032940411987,255.56587155185187,40.93480618230994,29.321887809623473,358.8873928596145,SYN0041,A5,-16.103288140171344,9.0,9.333338984027085,117.76041216761813,120.83926356772595,DEPARTURE,2026-06-01 10:01:29.504416166,SYNTHETIC
SYNDEP0042,2026-06-01 09:59:11.504416166,16117.939198072889,7878.9728403979625,909.0768982730672,350.33077668253225,40.83404547993051,29.1081035040071,125.23343821958454,SYN0042,A4,-18.390525764184908,9.0,10.373014742352145,39.65781457919638,74.36916231466715,DEPARTURE,2026-06-01 10:01:39.504416166,SYNTHETIC
SYNDEP0043,2026-06-01 10:07:25.984875145,18330.42309659544,1414.4487604333742,2069.238059804648,296.1859447789532,40.970265085964456,29.436896899168463,102.78323700854983,SYN0043,A3,-17.242379245049307,8.0,20.83440372404498,353.20029682329897,85.71155324191054,DEPARTURE,2026-06-01 10:08:45.984875145,SYNTHETIC
SYNDEP0044,2026-06-01 10:09:11.066154598,10716.131786072365,1932.6588318695622,1342.7788249655882,341.78914464970705,40.85565725688957,29.489465629269336,163.1095634915378,SYN0044,A5,-11.202235439391293,8.0,15.291827157163848,63.37559516157202,85.89144213300406,DEPARTURE,2026-06-01 10:09:47.066154598,SYNTHETIC
SYNDEP0045,2026-06-01 10:05:14.066154598,18589.262554136065,8388.228610687607,2046.9606110953687,242.21766417874036,41.003695698274484,29.361361924801457,308.3670637737086,SYN0045,A5,-15.256178670886321,8.0,2.9949701400260818,69.38744068466836,91.26296489125532,DEPARTURE,2026-06-01 10:09:57.066154598,SYNTHETIC
SYNDEP0046,2026-06-01 10:13:11.005471170,16531.35949001509,6925.811991286477,1520.660685778926,282.80716701220837,40.821350646764365,29.364180895397347,262.2937113136436,SYN0046,A3,-16.586466778092895,10.0,4.821776607301473,52.409769156804906,108.90732368954453,DEPARTURE,2026-06-01 10:14:56.005471170,SYNTHETIC
SYNDEP0047,2026-06-01 10:16:11.487890275,17881.328800447496,4682.494453543646,2071.812789827376,230.94564209418607,41.0927683776844,29.311191943132282,169.784573028301,SYN0047,A4,-17.83887944917829,8.0,13.959450436186389,205.26949393161772,180.0,DEPARTURE,2026-06-01 10:18:02.487890275,SYNTHETIC
SYNDEP0048,2026-06-01 10:18:25.685908661,17140.06989714584,8196.597742490152,1602.677799617234,259.3197378627791,41.005358093575744,29.233709364685755,88.04262358291435,SYN0048,A3,-15.15039749756385,9.0,5.00703155949648,159.72104681377215,97.5902624465061,DEPARTURE,2026-06-01 10:21:58.685908661,SYNTHETIC
SYNDEP0049,2026-06-01 10:28:54.083699193,13038.83453638934,8345.394102523429,1841.2930651476304,266.89478886276856,40.854518870343576,29.15959112967181,261.7256668566136,SYN0049,A3,-12.833346295354712,10.0,1.0,89.84058552956014,116.50392601701003,DEPARTURE,2026-06-01 10:30:32.083699193,SYNTHETIC
SYNDEP0050,2026-06-01 10:29:11.702554532,11505.88067382686,10833.247605620818,1787.6372184353347,243.70708896564304,40.80422839363855,29.33362533707842,307.6296724951906,SYN0050,A3,-17.133079745429246,10.0,9.574073610887378,154.59241788775014,22.540931752394293,DEPARTURE,2026-06-01 10:31:22.702554532,SYNTHETIC
SYNDEP0051,2026-06-01 10:28:51.482492515,13863.837501451111,8409.806849038103,1749.3164265007883,219.22485705771524,40.90033886766157,29.117976561403683,143.9824431842967,SYN0051,A3,-12.42283479187346,9.0,1.0,242.46786638221846,70.6040002888466,DEPARTURE,2026-06-01 10:32:33.482492515,SYNTHETIC
SYNDEP0052,2026-06-01 10:35:07.195060716,17694.751843818736,11685.183105003154,1639.1737908730843,209.32413381736737,40.84584397921566,29.42980102707675,240.69076049555431,SYN0052,A5,-13.702122252750815,8.0,22.930254028509808,101.41219133950686,139.15260010866422,DEPARTURE,2026-06-01 10:38:17.195060716,SYNTHETIC
SYNDEP0053,2026-06-01 10:36:43.425560251,18070.274245526187,8023.98208864644,1406.8597135537661,163.01259421463016,40.86552339993586,29.268364679788245,144.07632762357534,SYN0053,A3,-12.124374374602958,9.0,11.414301102105222,329.48847937093694,106.09261565426463,DEPARTURE,2026-06-01 10:40:10.425560251,SYNTHETIC
SYNDEP0054,2026-06-01 10:40:52.968661305,11896.173167854411,7653.995015577992,2266.173876629144,227.1826768248271,41.06182507753137,29.26590168966479,172.25763773093453,SYN0054,A3,-17.490903711250876,9.0,2.7585995460513963,110.2846453839741,0.0,DEPARTURE,2026-06-01 10:41:23.968661305,SYNTHETIC
SYNDEP0055,2026-06-01 10:45:51.775971550,13056.701897595356,11192.936558741547,1137.2252059616396,311.37469483359223,40.98096139801525,29.230868343390362,188.9677367837689,SYN0055,A3,-13.689718552669547,8.0,4.41094068270037,71.34445109622717,116.96092809264786,DEPARTURE,2026-06-01 10:48:22.775971550,SYNTHETIC
SYNDEP0056,2026-06-01 10:47:32.807436961,13830.292942177482,5064.677359875696,1501.723056937264,200.07507339933585,40.85293729590867,29.487741555479435,279.26129304802004,SYN0056,A3,-18.46264720511158,10.0,1.0,343.6444248742132,166.72657578515077,DEPARTURE,2026-06-01 10:50:10.807436961,SYNTHETIC
SYNDEP0057,2026-06-01 10:48:34.977324210,14928.084819199554,16443.342359798484,1505.9543500830382,211.59385768733475,40.96699782020623,29.16996678110829,351.90215428641517,SYN0057,A5,-16.36203017835363,10.0,1.2043049057559703,291.80181964254456,10.16369655520827,DEPARTURE,2026-06-01 10:51:54.977324210,SYNTHETIC
SYNDEP0058,2026-06-01 11:02:56.690011680,11913.847507442044,9125.772434500208,1660.9763013374086,369.54492856164575,40.8767341960275,29.160523128590086,159.97181854976364,SYN0058,A2,-12.756399051571988,8.0,18.130585620325594,123.5295449436476,150.7755070258205,DEPARTURE,2026-06-01 11:04:06.690011680,SYNTHETIC
SYNDEP0059,2026-06-01 11:03:03.690011680,11733.844701579603,9142.48775851302,1328.2109416421995,248.17519750758728,41.09286025930743,29.166212600618014,123.23340224913812,SYN0059,A3,-13.683316144200642,8.0,27.854289163939132,302.91546641179536,0.0,DEPARTURE,2026-06-01 11:04:16.690011680,SYNTHETIC
SYNDEP0060,2026-06-01 11:12:52.681801859,13534.494110777337,9575.287921917792,1625.8985222358351,296.0523004582418,40.80982716907911,29.363410993140306,134.49276233006086,SYN0060,A3,-18.12139274662478,8.0,15.811172105591668,186.773129695368,127.51995780213653,DEPARTURE,2026-06-01 11:16:47.681801859,SYNTHETIC
SYNDEP0061,2026-06-01 11:14:57.555063175,16258.761508675017,13631.409425994927,1432.4629659188136,312.1158573250247,41.019695526650345,29.49675812749184,48.20006497506539,SYN0061,A3,-11.416573279074708,10.0,9.263659691031767,124.8308993739826,89.65405495951039,DEPARTURE,2026-06-01 11:18:28.555063175,SYNTHETIC
SYNDEP0062,2026-06-01 11:27:57.446460306,12458.216980739528,10377.52223501782,867.2189930248403,313.126306489064,41.03189910785743,29.194190068160704,106.89794561438018,SYN0062,A5,-19.46649017654818,8.0,6.544324994768667,302.26017223411714,0.0,DEPARTURE,2026-06-01 11:32:06.446460306,SYNTHETIC
SYNDEP0063,2026-06-01 11:30:58.076688772,15652.589470084702,3184.832062988229,1503.8209145027386,203.884288469597,40.82014882918731,29.462246958826995,31.121068776770244,SYN0063,A3,-14.047843114833505,10.0,2.348033491389102,270.77942407119855,107.84551308959146,DEPARTURE,2026-06-01 11:32:41.076688772,SYNTHETIC
SYNDEP0064,2026-06-01 11:31:16.567571218,19175.658448425445,12210.411154302514,1059.7738667879394,268.4470160050255,40.8515608092694,29.21144662368327,154.041934744529,SYN0064,A3,-10.161794997683938,10.0,26.478127194717924,107.2349433515181,136.03358996608233,DEPARTURE,2026-06-01 11:36:15.567571218,SYNTHETIC
SYNDEP0065,2026-06-01 11:40:08.045590746,12094.66078775947,6977.3102616649485,806.2456950204396,199.08863652408039,40.91529199773119,29.359159968050122,60.248616951977596,SYN0065,A3,-14.684952681572515,9.0,8.490010385085,218.40426549287056,104.55548015286293,DEPARTURE,2026-06-01 11:41:51.045590746,SYNTHETIC
SYNDEP0066,2026-06-01 11:44:14.035679550,15380.662724768381,8321.465218517971,1554.749328275754,402.31589294551617,41.06044644795872,29.116199580773348,124.70642855078712,SYN0066,A3,-11.993281800405793,9.0,26.925038640500034,132.980480467127,113.39310548238453,DEPARTURE,2026-06-01 11:47:39.035679550,SYNTHETIC
SYNDEP0067,2026-06-01 11:46:50.017173589,19074.27020125232,4162.238083474201,1695.1533368078267,200.25623679922,40.96109998152555,29.298261589830478,285.6879897809783,SYN0067,A3,-14.048190268108979,10.0,21.14815607688049,0.3787101217397293,73.53295550643753,DEPARTURE,2026-06-01 11:48:03.017173589,SYNTHETIC
SYNDEP0068,2026-06-01 11:43:48.701459273,14745.194828908572,9578.606054371687,1710.6792168418306,227.60798905650898,40.99659205500219,29.361827986511592,88.53395421208897,SYN0068,A3,-12.169116850770074,10.0,1.0,346.25366690410056,15.544409791159124,DEPARTURE,2026-06-01 11:48:25.701459273,SYNTHETIC
SYNDEP0069,2026-06-01 11:50:28.467688537,14278.990927424744,6045.8771297973435,1726.8682828078777,227.96995725792476,41.03490385063705,29.31452791088905,220.28206368314483,SYN0069,A5,-13.444058646447129,8.0,4.672380833925666,197.86646738622122,117.67456089348256,DEPARTURE,2026-06-01 11:52:27.467688537,SYNTHETIC
SYNDEP0070,2026-06-01 11:48:45.403537154,19490.48744291942,8300.50891398042,726.9643916237558,205.166976163856,41.04843683650126,29.19513415395272,324.4253109295006,SYN0070,A5,-13.088679854624713,8.0,4.647639006609421,215.43573659968195,159.99015677785184,DEPARTURE,2026-06-01 11:52:51.403537154,SYNTHETIC
SYNDEP0071,2026-06-01 11:57:35.136230269,15081.393763085356,7147.702983917651,955.5932288370121,347.6296954878273,40.942885362925104,29.431398779307166,204.09450733063687,SYN0071,A3,-17.72188848913616,9.0,9.361229087154085,215.96091324382618,135.18323416909837,DEPARTURE,2026-06-01 11:59:34.136230269,SYNTHETIC
SYNDEP0072,2026-06-01 12:03:20.772543198,19313.485075616703,13775.038405207555,2289.4085747254685,401.1223950541748,40.95263794163204,29.488054604495296,69.76534059806856,SYN0072,A5,-12.581790864270824,8.0,9.517485975089972,198.230925894985,10.484966815946155,DEPARTURE,2026-06-01 12:07:23.772543198,SYNTHETIC
SYNDEP0073,2026-06-01 12:05:30.017477804,17286.896173381596,13946.780900436768,1081.1164959691855,256.21254403436916,41.015401757126334,29.283678438276826,124.11582982774355,SYN0073,A5,-17.620901133356693,8.0,33.96991276318514,104.41722411849365,29.404223711562647,DEPARTURE,2026-06-01 12:08:02.017477804,SYNTHETIC
SYNDEP0074,2026-06-01 12:13:22.490579712,14971.46604127049,8139.539510644224,1744.3364124546756,213.9788426577795,40.879002707620685,29.354367706075703,212.5329145862638,SYN0074,A3,-10.193597248574118,10.0,1.38217700420193,349.76740496690024,56.16129032810638,DEPARTURE,2026-06-01 12:14:08.490579712,SYNTHETIC
SYNDEP0075,2026-06-01 12:12:59.963916598,17439.07159179259,8191.9331341065645,1225.2249513336617,168.15372506369894,41.05634692090966,29.41616530733823,182.38001031354727,SYN0075,A3,-17.722128090387955,9.0,11.83175948531512,223.80062850550257,26.28098194879427,DEPARTURE,2026-06-01 12:14:20.963916598,SYNTHETIC
SYNDEP0076,2026-06-01 12:23:51.840282461,16961.348541538115,6879.671100951455,1531.8690957070257,267.79456407389495,40.80623604734275,29.19659562424872,53.50314105968536,SYN0076,A3,-17.633159964023438,9.0,14.932061939742425,241.53168979942612,91.76759678224157,DEPARTURE,2026-06-01 12:27:25.840282461,SYNTHETIC
SYNDEP0077,2026-06-01 12:29:08.207584124,19062.648463007423,11318.018874508358,1246.6983190905623,264.1817288419278,40.85873148066292,29.445780152771516,160.84668408860483,SYN0077,A5,-11.41326879516136,8.0,9.98742396424643,163.72539263413793,105.73663220722091,DEPARTURE,2026-06-01 12:30:30.207584124,SYNTHETIC
SYNDEP0078,2026-06-01 12:34:15.461158151,14354.963386404945,7013.240388999869,1724.6164618478579,247.43519368199279,41.040059982910954,29.212080362124,195.50401016768942,SYN0078,A3,-17.57014138037181,8.0,10.881444622250864,103.63010417668173,32.789868670305296,DEPARTURE,2026-06-01 12:35:59.461158151,SYNTHETIC
SYNDEP0079,2026-06-01 12:38:29.281256844,16123.61820034486,6735.988176062902,1554.7096469266796,291.06876269881144,40.9020774635678,29.410332321406095,96.23977720472608,SYN0079,A5,-16.39097206508717,8.0,1.6415288455473025,23.165633582974564,121.08513837102113,DEPARTURE,2026-06-01 12:41:25.281256844,SYNTHETIC
SYNDEP0080,2026-06-01 12:44:15.068592567,15815.452961186087,10935.778590994893,1320.6840905423066,299.7586571407743,40.84494984980769,29.14483969297057,220.4803855223467,SYN0080,A3,-12.85359838820973,9.0,10.851889556821455,126.08287076443904,114.04415776080056,DEPARTURE,2026-06-01 12:45:53.068592567,SYNTHETIC
SYNDEP0081,2026-06-01 12:48:32.031842283,18112.444424919355,6385.102714050052,1079.931152127716,296.15416289689506,40.85602642671342,29.215354681365667,25.257635814675545,SYN0081,A3,-18.412514198052367,8.0,14.091191969394975,63.39507453662116,68.07363500625188,DEPARTURE,2026-06-01 12:49:36.031842283,SYNTHETIC
SYNDEP0082,2026-06-01 12:46:28.031842283,12924.462416667473,7886.734896654409,1607.1096789970045,264.1937564015756,40.95922692058082,29.313447973575947,121.17853208358605,SYN0082,A4,-18.409282451724977,9.0,12.62080467416903,238.35177657252427,83.09912056064063,DEPARTURE,2026-06-01 12:49:46.031842283,SYNTHETIC
SYNDEP0083,2026-06-01 12:54:32.464931266,19050.93114471357,3256.0676554670217,1014.912480382964,224.9189085212869,41.0538544588035,29.309968838281726,289.5396597999268,SYN0083,A3,-15.13641576733381,8.0,14.561607231296732,316.441398528979,12.007952973878737,DEPARTURE,2026-06-01 12:58:08.464931266,SYNTHETIC
SYNDEP0084,2026-06-01 12:58:12.097654709,17398.98631651125,10112.571035369501,1670.9924168483353,313.2916548903358,40.82119521473133,29.440172473794547,93.34252832693595,SYN0084,A5,-17.563032457672733,9.0,21.300863205089854,108.99174896843482,76.70951374851704,DEPARTURE,2026-06-01 13:01:59.097654709,SYNTHETIC
SYNDEP0085,2026-06-01 12:58:26.706203961,12049.224779101161,13822.600817545606,2550.59396361476,280.6256879710765,40.80914427273739,29.498450903055442,217.86366600110816,SYN0085,A4,-17.643420444309665,9.0,17.495732335314734,119.83774514905676,90.29539896521302,DEPARTURE,2026-06-01 13:03:10.706203961,SYNTHETIC
SYNDEP0086,2026-06-01 13:03:53.431144171,19624.7884764415,10163.676118399375,2040.0680205048047,324.41787624173253,40.93955044075105,29.142884338344057,147.6106969357123,SYN0086,A5,-19.907610785814875,8.0,10.570356907979496,241.3312213784442,96.74990380912759,DEPARTURE,2026-06-01 13:04:56.431144171,SYNTHETIC
SYNDEP0087,2026-06-01 13:04:23.714100316,22702.279242393193,12385.397502641916,1787.339154757665,319.5037774736116,41.08685622451609,29.208555253130015,113.92565126948884,SYN0087,A3,-16.29550408802052,9.0,1.0,53.73771632684508,105.15507648080695,DEPARTURE,2026-06-01 13:06:48.714100316,SYNTHETIC
SYNDEP0088,2026-06-01 13:05:32.401030926,19005.501908648224,5461.693591468007,1465.757080903541,208.91189654764423,40.88370294102424,29.24303928408923,329.8074076476097,SYN0088,A5,-16.817494453815968,8.0,5.199957802311045,334.5974736039717,99.76966972922288,DEPARTURE,2026-06-01 13:07:05.401030926,SYNTHETIC
SYNDEP0089,2026-06-01 13:03:24.587154289,20280.95430167941,8708.972846084602,724.4989491985899,208.28888962711983,41.087751161720114,29.291567363124003,123.57421850893807,SYN0089,A3,-19.688441891733294,8.0,8.242950784660678,130.9848411691739,79.42625210937318,DEPARTURE,2026-06-01 13:07:57.587154289,SYNTHETIC
SYNDEP0090,2026-06-01 13:05:12.587154289,16256.114144807765,5170.520226891831,971.0854416399263,242.22296406297357,41.066304352977,29.29756389726176,85.2033245353266,SYN0090,A3,-13.787668217863365,10.0,12.018766650731578,36.43180053363888,101.44779770217266,DEPARTURE,2026-06-01 13:08:07.587154289,SYNTHETIC
SYNDEP0091,2026-06-01 13:10:55.328773825,11015.48524078447,7316.703363255971,2013.1171424410854,227.1867295854666,40.88494052291625,29.442478025259366,327.3484736304974,SYN0091,A5,-13.73344817996646,10.0,6.173337908004839,62.886241771430946,130.0812797324099,DEPARTURE,2026-06-01 13:11:51.328773825,SYNTHETIC
SYNDEP0092,2026-06-01 13:10:29.507642803,10467.638646497426,10316.634432057515,1184.097567950088,317.76258879880504,41.04508441927685,29.40822372111404,268.5399681368934,SYN0092,A5,-19.29199528226341,9.0,2.514134406525187,335.7885873626849,86.18007706761422,DEPARTURE,2026-06-01 13:14:05.507642803,SYNTHETIC
SYNDEP0093,2026-06-01 13:26:43.709956057,16765.246131603275,8305.461839309895,1220.2991607343813,297.5654837993959,41.005760190770644,29.107540631615183,245.44789693135104,SYN0093,A3,-16.82958437090547,10.0,1.0,88.96294381284719,102.70379563326706,DEPARTURE,2026-06-01 13:27:24.709956057,SYNTHETIC
SYNDEP0094,2026-06-01 13:26:48.527057525,14224.06357681006,3762.0769321963353,1433.7398097263915,334.9591996892655,40.953546716671426,29.282008704233277,17.83257914407529,SYN0094,A3,-11.271944680046023,9.0,1.0,238.4167693792631,82.55315749343526,DEPARTURE,2026-06-01 13:28:32.527057525,SYNTHETIC
SYNDEP0095,2026-06-01 13:28:22.922259663,13256.271165017946,4054.91268338674,1075.1814964613782,299.82434087054594,40.92687484291286,29.347229535297636,47.233785857679294,SYN0095,A5,-14.178329317554216,8.0,8.12039436980345,56.21948047377544,64.12964334081715,DEPARTURE,2026-06-01 13:32:06.922259663,SYNTHETIC
SYNDEP0096,2026-06-01 13:29:38.189544487,15811.759948093973,3856.508205527679,1009.2925061793455,290.43247909366846,41.04465082677764,29.28415823483721,229.80238697147863,SYN0096,A5,-15.880252759880122,10.0,1.0,69.87660924555998,110.91518667670417,DEPARTURE,2026-06-01 13:32:24.189544487,SYNTHETIC
SYNDEP0097,2026-06-01 13:29:59.241159411,17846.755863583865,9474.357769818771,1479.8103708874312,339.9864890172085,41.037923829808506,29.152258102410283,75.39582114945368,SYN0097,A3,-15.34898071535904,9.0,1.9957945267408626,316.5257588039919,67.79096223319179,DEPARTURE,2026-06-01 13:33:54.241159411,SYNTHETIC
SYNDEP0098,2026-06-01 13:34:46.937125165,11641.727359713559,14191.683606970004,1143.3882181311856,303.48636698675244,41.02708090078277,29.25898963347626,81.22967482692927,SYN0098,A2,-17.91720005564195,9.0,6.84878501724558,53.29195923692225,105.44587603968762,DEPARTURE,2026-06-01 13:37:50.937125165,SYNTHETIC
SYNDEP0099,2026-06-01 13:46:11.485386063,14653.367139158845,12087.374732000639,1203.592568088442,283.40504817188594,41.09947678536459,29.264662278051894,280.48986552369985,SYN0099,A3,-11.881184992920721,9.0,1.0,6.750211225060498,91.13021486040182,DEPARTURE,2026-06-01 13:50:28.485386063,SYNTHETIC
SYNDEP0100,2026-06-01 14:01:04.688521060,20529.612049360945,2312.044402561807,1187.5235895411977,354.0226516965343,40.94355373828241,29.175086368979905,102.93298158129934,SYN0100,A3,-10.859952945490324,8.0,13.038017507989576,180.44394822945947,77.84261293919427,DEPARTURE,2026-06-01 14:04:05.688521060,SYNTHETIC
SYNDEP0101,2026-06-01 14:03:33.148643448,12774.134859335876,12263.227814209351,1708.9440855337875,285.7590441576395,41.04207689334598,29.402522845788383,25.77142877468976,SYN0101,A5,-10.893359577499563,10.0,15.921784508845498,310.5816527746565,76.87428671413358,DEPARTURE,2026-06-01 14:04:18.148643448,SYNTHETIC
SYNDEP0102,2026-06-01 14:07:32.139019388,18609.283561494867,10809.201251043942,1407.1497238018571,264.78296975410393,41.05874351009504,29.228560272056992,13.115501031549996,SYN0102,A4,-17.760656083077002,9.0,5.604583841796812,117.35677634962491,69.67516030337252,DEPARTURE,2026-06-01 14:08:21.139019388,SYNTHETIC
SYNDEP0103,2026-06-01 14:05:25.319552903,14545.807715353018,3364.100163413727,1428.5712128424586,238.10883706111753,40.863480774436105,29.335594916227446,159.5440754083036,SYN0103,A3,-16.89259732223543,9.0,6.503781539119986,46.13841743245578,24.16795311643945,DEPARTURE,2026-06-01 14:09:24.319552903,SYNTHETIC
SYNDEP0104,2026-06-01 14:17:27.102790182,17637.38127954986,7090.395149868507,1738.7783589235532,315.1512729522706,40.81261993261592,29.306292072383506,222.16628796647257,SYN0104,A3,-18.393772251904632,8.0,14.299438161112619,353.6030986436296,105.31580380646768,DEPARTURE,2026-06-01 14:18:07.102790182,SYNTHETIC
SYNDEP0105,2026-06-01 14:21:30.751241595,19291.982521608603,11286.56723448743,1443.1841567068238,341.85252709212347,40.92142452065657,29.450970831686554,312.79868402104904,SYN0105,A3,-16.927988663676867,10.0,4.288039222122568,243.6259066161888,99.26187301113282,DEPARTURE,2026-06-01 14:23:41.751241595,SYNTHETIC
SYNDEP0106,2026-06-01 14:24:06.564319680,18223.845300955065,9651.300532804356,1388.6984926171308,277.4706299283285,41.05702100533103,29.148805972745137,39.88958221175014,SYN0106,A5,-16.671946278773998,8.0,3.738128707221639,306.24862750133633,123.98681009793975,DEPARTURE,2026-06-01 14:24:40.564319680,SYNTHETIC
SYNDEP0107,2026-06-01 14:24:52.630653006,18727.47880664163,4072.7148428360433,1688.1801422280682,345.3957811889919,40.88673098435835,29.145705203301386,70.80221746378666,SYN0107,A3,-13.668942629353646,8.0,19.571987825490325,270.76977803841254,68.7417239077282,DEPARTURE,2026-06-01 14:26:43.630653006,SYNTHETIC
SYNDEP0108,2026-06-01 14:23:43.630653006,12545.219399776131,9832.226467388582,1767.2791374230524,181.4992484014212,41.01000304622023,29.220127867649207,190.7282199266896,SYN0108,A3,-18.103536184518752,10.0,17.073501909702298,251.36721863610845,165.81534501906668,DEPARTURE,2026-06-01 14:26:53.630653006,SYNTHETIC
SYNDEP0109,2026-06-01 14:27:47.585263271,19340.979120223896,1587.4982117582367,1441.1706001965583,277.2273312596043,40.802204441719276,29.272485987250334,131.079010407111,SYN0109,A4,-10.806030756322563,8.0,14.812400018751356,138.4430641671313,74.81056208601467,DEPARTURE,2026-06-01 14:29:03.585263271,SYNTHETIC
SYNDEP0110,2026-06-01 14:29:46.037499664,13441.92065609554,7331.533472728366,1532.2431102482087,277.9952543947782,40.90660932969607,29.219416899500857,173.71348244837807,SYN0110,A3,-18.9690052991469,9.0,17.405156971152742,116.76239755331018,54.99561431221216,DEPARTURE,2026-06-01 14:32:21.037499664,SYNTHETIC
SYNDEP0111,2026-06-01 14:30:04.474667347,16778.625296714614,11413.870308200147,1187.2839081066688,243.65028137963264,40.984655008427445,29.4052748329581,332.68487363431757,SYN0111,A3,-19.93121988965667,10.0,1.0,258.1050945220107,50.25260320629341,DEPARTURE,2026-06-01 14:35:02.474667347,SYNTHETIC
SYNDEP0112,2026-06-01 14:39:38.392067456,16774.738560991682,8055.18264671396,1155.7267827341898,399.1930518990937,40.8389271570217,29.198106337243722,196.1609953912874,SYN0112,A3,-11.450548713694669,10.0,20.83068437434486,258.01668294380283,20.64310387081351,DEPARTURE,2026-06-01 14:40:27.392067456,SYNTHETIC
SYNDEP0113,2026-06-01 14:40:17.311685359,17455.36767660874,6503.187350114163,1807.659000786723,276.69036836556194,41.06898207364423,29.1339098971089,149.44341982034734,SYN0113,A5,-12.962301922339503,9.0,13.136496932669937,342.2118182576736,151.3051156957251,DEPARTURE,2026-06-01 14:41:04.311685359,SYNTHETIC
SYNDEP0114,2026-06-01 14:46:41.200970213,17010.870028180572,10668.038761317048,1677.9768250178488,259.61346141977833,40.84688219313512,29.26551992395366,356.1983664119081,SYN0114,A3,-16.446401296440015,10.0,18.08625107204588,204.71753442539602,144.84269563074648,DEPARTURE,2026-06-01 14:48:24.200970213,SYNTHETIC
SYNDEP0115,2026-06-01 14:46:09.421526970,13468.57006442583,10924.255445259745,1682.1193753666305,281.2981056716753,41.0729380635012,29.409351715255394,23.47764116383307,SYN0115,A3,-14.04500294089882,10.0,13.097294232930901,106.06359808356247,114.02980651539032,DEPARTURE,2026-06-01 14:50:22.421526970,SYNTHETIC
SYNDEP0116,2026-06-01 14:50:06.546872053,11950.397763112851,11930.11907860085,1612.341739490209,179.85931307370853,40.86491679260489,29.440224777434697,335.5608414136219,SYN0116,A3,-17.764558991607664,10.0,10.391398597441249,176.23036775897188,54.15644768896881,DEPARTURE,2026-06-01 14:52:25.546872053,SYNTHETIC
SYNDEP0117,2026-06-01 14:50:31.641409291,18617.046039885307,10623.027285339162,1518.4813103259814,242.00660373275426,41.09828360217475,29.39333793934534,180.5982631435739,SYN0117,A5,-18.31610351354624,8.0,7.797526301103563,220.9369740213309,162.4507072623648,DEPARTURE,2026-06-01 14:53:53.641409291,SYNTHETIC
SYNDEP0118,2026-06-01 14:59:31.869604093,16557.503732556746,11244.12438181144,1778.5647563291077,329.1619984722702,40.98142461398868,29.323154671399898,181.35228159616972,SYN0118,A5,-15.288508648612773,10.0,12.937155015089644,153.62272784768848,75.93123353913376,DEPARTURE,2026-06-01 15:00:10.869604093,SYNTHETIC
SYNDEP0119,2026-06-01 14:58:31.464034674,19448.130522873453,10198.725672312603,1874.0435044091134,248.55273225336126,40.82530346833149,29.389676680699672,331.9071603131553,SYN0119,A3,-16.46812170279039,8.0,7.5060167287635835,284.80792440943736,79.23896675093391,DEPARTURE,2026-06-01 15:02:19.464034674,SYNTHETIC
SYNDEP0120,2026-06-01 15:03:04.112361745,15865.801197436396,8796.585947349417,1864.491202076259,238.55624185998641,40.8195831703436,29.372555814121544,182.63663265350502,SYN0120,A3,-13.84769949464708,10.0,16.9430088005209,210.46075639770157,147.49036321744305,DEPARTURE,2026-06-01 15:03:52.112361745,SYNTHETIC
SYNDEP0121,2026-06-01 15:04:21.436112049,11784.506917969118,8268.526999291442,1459.6888336216052,345.47628182572004,40.82247650887784,29.193746652998026,157.82655259085357,SYN0121,A2,-17.818508154389686,8.0,1.0,3.396861945954197,116.35642337923488,DEPARTURE,2026-06-01 15:08:03.436112049,SYNTHETIC
SYNDEP0122,2026-06-01 15:11:08.265990333,18898.389043012317,7288.220842707794,2054.7970919635354,347.0127200475915,40.976967824187284,29.320303556881278,98.09589316219164,SYN0122,A3,-13.370722994393812,8.0,5.667393105645778,205.14235976352305,178.04412555018374,DEPARTURE,2026-06-01 15:12:17.265990333,SYNTHETIC
SYNDEP0123,2026-06-01 15:09:35.811837864,14888.888171016679,4362.895120820823,1591.3842726929286,305.8495236080571,41.042873760698214,29.40824373305537,237.1740360542715,SYN0123,A3,-12.331384796971868,8.0,26.35858598781317,228.09736293906994,99.94889041276079,DEPARTURE,2026-06-01 15:13:56.811837864,SYNTHETIC
SYNDEP0124,2026-06-01 15:20:08.505846168,17026.010372263063,5134.065473540573,1752.9504770263193,257.24413329806663,40.920888822531154,29.226848264750057,205.07223275271417,SYN0124,A3,-18.333638569715255,9.0,4.9913562914208605,329.49405055586544,74.118768016851,DEPARTURE,2026-06-01 15:21:57.505846168,SYNTHETIC
SYNDEP0125,2026-06-01 15:22:38.604738113,14057.621714561443,7153.956554194371,1612.835156333952,268.02644674418383,40.93345072778456,29.361589258686774,77.1643573012019,SYN0125,A3,-19.561417165820842,8.0,8.090530215492176,148.93980251910787,65.52780466160817,DEPARTURE,2026-06-01 15:23:57.604738113,SYNTHETIC
SYNDEP0126,2026-06-01 15:27:22.176954105,20932.90513070107,8724.356478807287,1598.8026829936696,239.79250192125204,40.97678631109939,29.29259217100752,255.38864942207692,SYN0126,A3,-15.604126246986613,8.0,2.93935253319939,206.80835733768902,16.120152912374923,DEPARTURE,2026-06-01 15:29:22.176954105,SYNTHETIC
SYNDEP0127,2026-06-01 15:30:19.541642796,13370.30552745041,12322.437794012789,1205.6992038998721,230.26134404856776,40.959912181435904,29.30126354037801,231.87126864119057,SYN0127,A3,-12.259759140075628,9.0,12.686765383086591,170.99908225717462,78.85616908775182,DEPARTURE,2026-06-01 15:30:49.541642796,SYNTHETIC
SYNDEP0128,2026-06-01 15:35:55.902719635,14987.710737681477,7874.608316373462,1780.5403353379304,227.77917558457838,41.00641851993038,29.136022015112864,143.04019831435468,SYN0128,A3,-13.492201644258573,10.0,4.109880878862441,191.39631424879875,135.78373355309523,DEPARTURE,2026-06-01 15:37:09.902719635,SYNTHETIC
SYNDEP0129,2026-06-01 15:40:08.816723266,16322.34610809195,11010.428872632992,2638.1177579630557,249.09727966073962,40.941535716048904,29.366486866122152,1.5843318852782051,SYN0129,A3,-12.981182795854087,9.0,8.5151125215436,24.229465440838727,113.95336690624276,DEPARTURE,2026-06-01 15:43:19.816723266,SYNTHETIC
SYNDEP0130,2026-06-01 15:46:44.391317189,12723.453018739125,11237.946969296361,1350.0819700839668,228.26395046576275,41.01415820551922,29.44627481414181,160.76921406342757,SYN0130,A5,-15.971606600066316,9.0,16.790932288280565,323.0221203119165,90.81232026241624,DEPARTURE,2026-06-01 15:48:35.391317189,SYNTHETIC
SYNDEP0131,2026-06-01 15:53:10.013045666,16991.558585762785,7305.659606933627,1528.3978861699793,201.81474407284256,41.099193222763994,29.156572515210346,2.180922166890622,SYN0131,A3,-17.650544547469302,9.0,4.409892649481473,327.74844233938524,50.20262224734683,DEPARTURE,2026-06-01 15:55:15.013045666,SYNTHETIC
SYNDEP0132,2026-06-01 15:54:42.127589515,20835.73143240247,9784.070634110552,1321.517894261095,290.9701334876953,40.90508935267463,29.246442264886582,26.999456147654346,SYN0132,A3,-14.682211567153905,9.0,16.308888954121766,197.30145954334776,99.0749207205095,DEPARTURE,2026-06-01 15:58:49.127589515,SYNTHETIC
SYNDEP0133,2026-06-01 15:58:37.156194319,14528.613517918868,7269.415874825416,1304.7920393752263,291.72977904467183,40.8036646388746,29.119466981936334,155.01956489310027,SYN0133,A5,-17.956343062508033,9.0,16.577834524482853,200.3599856595404,130.51254820781492,DEPARTURE,2026-06-01 15:59:40.156194319,SYNTHETIC
SYNDEP0134,2026-06-01 16:00:22.254540995,17185.428457095175,11966.407682235431,2117.7797912474693,365.0396379214158,40.83768751366549,29.111852754390558,29.49115830671797,SYN0134,A3,-12.737713030149342,9.0,18.439648757754348,20.72017293982363,107.22877025879939,DEPARTURE,2026-06-01 16:02:38.254540995,SYNTHETIC
SYNDEP0135,2026-06-01 16:02:17.454931631,7751.693841884334,9907.530014797796,1230.811592909014,246.58308158226487,40.96605425549608,29.495863398668696,99.23955616337985,SYN0135,A5,-18.03033544040523,8.0,11.124327959344322,215.26218472311243,96.66940678533436,DEPARTURE,2026-06-01 16:03:37.454931631,SYNTHETIC
SYNDEP0136,2026-06-01 16:04:57.216535865,15883.212398545478,4428.5487359349345,1310.3678106534555,294.8050294811635,40.9032773361434,29.297388603322556,235.97689268122863,SYN0136,A3,-17.087367332856587,8.0,35.93007261581428,154.4946443564985,58.121693868751755,DEPARTURE,2026-06-01 16:07:37.216535865,SYNTHETIC
SYNDEP0137,2026-06-01 16:06:07.802375906,15060.873142221384,8484.57395646154,865.0028705074794,295.6356289637401,41.0819947781115,29.242207607454098,111.10152333939085,SYN0137,A5,-14.934552216769946,10.0,18.436269572336656,255.25570688439743,124.68727256448051,DEPARTURE,2026-06-01 16:08:06.802375906,SYNTHETIC
SYNDEP0138,2026-06-01 16:10:55.599560802,13544.507192768846,12944.336485471638,1196.9553101831011,267.30812194372334,40.98823382703222,29.20995083065001,359.15349388374375,SYN0138,A3,-15.13290065856505,9.0,12.599020995254612,16.96496997440606,0.0,DEPARTURE,2026-06-01 16:11:37.599560802,SYNTHETIC
SYNDEP0139,2026-06-01 16:11:28.961249814,19244.351408885595,7456.306896359896,816.640042818661,317.21667943748383,40.95610655578964,29.492005057977984,329.8687322093932,SYN0139,A3,-13.991506235929705,8.0,2.9926046873461187,255.9195657826163,105.3138283546058,DEPARTURE,2026-06-01 16:12:16.961249814,SYNTHETIC
SYNDEP0140,2026-06-01 16:11:38.847640024,15021.268955128515,9343.145090285205,1752.7218796847715,318.7614593425357,41.039411850381605,29.200900314208674,210.71156565078851,SYN0140,A3,-15.62555399500083,8.0,9.223526993006873,103.28177657963299,180.0,DEPARTURE,2026-06-01 16:15:58.847640024,SYNTHETIC
SYNDEP0141,2026-06-01 16:31:53.847640024,15467.567538719237,9637.636513217436,2619.8788887349237,296.370554759877,40.87757696131472,29.390283358295097,348.10096990857494,SYN0141,A3,-10.805266914899086,10.0,21.410615815200273,234.61391896311886,29.665064506726118,DEPARTURE,2026-06-01 16:32:38.847640024,SYNTHETIC
SYNDEP0142,2026-06-01 16:33:24.812064271,14868.421375632786,4890.131302506198,1353.3284825397911,267.2180147476102,41.04592156208471,29.213503238322375,312.48622599570797,SYN0142,A3,-11.600659058028118,8.0,23.67627692501015,225.76535111236427,80.34522181194536,DEPARTURE,2026-06-01 16:37:25.812064271,SYNTHETIC
SYNDEP0143,2026-06-01 16:34:20.585879029,10249.55238470477,9532.123847640541,833.2968268039051,262.1234945722733,40.80091833145922,29.12819580214277,114.80346678257533,SYN0143,A5,-11.208865487633616,8.0,21.826632803521832,81.6629344676037,89.68356039501094,DEPARTURE,2026-06-01 16:38:57.585879029,SYNTHETIC
SYNDEP0144,2026-06-01 16:37:30.709495919,12604.040679769118,3818.4945438961227,1859.9998657718934,211.61230506014704,40.985903208640714,29.373310645807177,269.8546485547114,SYN0144,A5,-13.704834285965624,10.0,16.28153845383696,158.56284427785602,71.49668743773691,DEPARTURE,2026-06-01 16:40:05.709495919,SYNTHETIC
SYNDEP0145,2026-06-01 16:40:26.916911629,18883.28045836065,6123.127680795812,1209.2300164279372,239.7041110691154,41.080427145313735,29.100652339051948,49.25944224142105,SYN0145,A3,-13.649920841391936,9.0,1.0,300.8279732591968,131.45496970235916,DEPARTURE,2026-06-01 16:42:20.916911629,SYNTHETIC
SYNDEP0146,2026-06-01 16:41:20.724167526,9670.148059360085,11227.168902482576,2019.7387722214162,248.8996238049156,41.03635798561016,29.370299404624227,246.43851277634678,SYN0146,A5,-13.908013162840513,9.0,13.89729454260536,218.0129916941186,108.89804057421205,DEPARTURE,2026-06-01 16:45:19.724167526,SYNTHETIC
SYNDEP0147,2026-06-01 16:44:17.201909165,13701.053951152884,9070.268870925074,1387.188380884022,223.80141187852828,41.05609025764421,29.20015063959593,176.78945753804896,SYN0147,A5,-15.651158455785438,10.0,1.0,24.745788712228126,96.09201490189277,DEPARTURE,2026-06-01 16:49:12.201909165,SYNTHETIC
SYNDEP0148,2026-06-01 16:49:22.958156255,14800.839831130708,7086.566576760419,1247.2737243668878,301.9961983343832,40.91908640855145,29.3984416928286,6.057338131016898,SYN0148,A5,-16.778939989327373,8.0,1.0,159.44717927549868,121.89090244677121,DEPARTURE,2026-06-01 16:50:24.958156255,SYNTHETIC
SYNDEP0149,2026-06-01 16:49:45.812824336,21230.865601874695,9339.383063735562,1428.8169777017254,339.8313934493505,41.04727168383004,29.40790006694026,98.72273606053346,SYN0149,A5,-14.079971125511296,9.0,11.91326947661791,112.23772516005012,90.67002836286969,DEPARTURE,2026-06-01 16:54:35.812824336,SYNTHETIC
SYNDEP0150,2026-06-01 16:50:37.567542492,18305.811296489108,7819.7232567346055,1803.1107043744748,234.5968783835425,40.96524949950908,29.389642895527015,343.93759826552946,SYN0150,A5,-19.744681628615496,10.0,14.185595578158004,230.99244440818777,180.0,DEPARTURE,2026-06-01 16:55:21.567542492,SYNTHETIC
SYNDEP0151,2026-06-01 17:05:03.456936868,14328.488418840701,8037.7355070554995,1409.0317476977375,294.17207178723186,40.98556207095096,29.109793376587046,113.69933463185305,SYN0151,A3,-19.92543568576197,9.0,17.227016787846438,221.24301886629388,96.05387734626964,DEPARTURE,2026-06-01 17:06:11.456936868,SYNTHETIC
SYNDEP0152,2026-06-01 17:10:55.185385794,19913.541091346655,9970.455580160413,1301.3101188825178,228.29444302351448,40.81767460180074,29.381494647857508,65.32360390851863,SYN0152,A5,-11.483581737032514,8.0,13.977089923088752,3.743316543650592,97.81128393958818,DEPARTURE,2026-06-01 17:11:39.185385794,SYNTHETIC
SYNDEP0153,2026-06-01 17:10:38.185569240,13778.452538496642,5817.896778022604,1420.4673588084513,264.7538914530419,40.86046550915231,29.496058245622304,67.511320765995,SYN0153,A4,-19.535759552223777,10.0,14.252687885941986,218.77038339064666,21.581278017068986,DEPARTURE,2026-06-01 17:14:21.185569240,SYNTHETIC
SYNDEP0154,2026-06-01 17:18:17.557850441,19027.299411202017,8121.0092166640725,991.257926199646,245.4835210411112,40.965289324654066,29.197050147410252,172.51677527110164,SYN0154,A3,-14.75204849666582,10.0,2.122779320060989,264.5458754345772,68.26198690786305,DEPARTURE,2026-06-01 17:19:07.557850441,SYNTHETIC
SYNDEP0155,2026-06-01 17:16:37.944909760,11923.368262230953,7063.195416180041,1658.812640917592,310.0947824303221,40.81764031734705,29.209695428890136,303.3537266413926,SYN0155,A3,-13.850122370503549,8.0,9.160186522522668,276.74281166456717,135.89510727199237,DEPARTURE,2026-06-01 17:19:49.944909760,SYNTHETIC
SYNDEP0156,2026-06-01 17:27:11.855099025,19219.773495367474,3243.1898761992334,785.3093624620359,246.0605913078911,41.02243404197631,29.425410619832217,272.88063544800474,SYN0156,A3,-18.018287703775645,8.0,1.0,21.231277340386015,36.581725985605104,DEPARTURE,2026-06-01 17:27:58.855099025,SYNTHETIC
SYNDEP0157,2026-06-01 17:34:01.492324279,14781.599063587044,5238.632731252101,1322.3514182537938,330.5830206853323,41.05201710255657,29.16415872202243,157.26672271359874,SYN0157,A4,-11.042691617348517,10.0,1.0,109.31703015955283,3.6977130279218073,DEPARTURE,2026-06-01 17:37:37.492324279,SYNTHETIC
SYNDEP0158,2026-06-01 17:36:59.466845187,12914.487277176191,12704.619341191497,1803.7540835322973,267.71396131689005,41.07610870838844,29.36423347020182,75.1416780373058,SYN0158,A3,-18.09904228251625,8.0,15.925141678744593,151.6584817985486,91.292618847503,DEPARTURE,2026-06-01 17:38:31.466845187,SYNTHETIC
SYNDEP0159,2026-06-01 17:37:46.466845187,15348.569160771058,9154.169943755702,1621.2193131730867,247.51981452025845,40.83053053775394,29.40201055100023,16.5833640367888,SYN0159,A5,-11.154850126333253,10.0,3.97500484967233,64.71781480616825,144.8297802989991,DEPARTURE,2026-06-01 17:38:41.466845187,SYNTHETIC
SYNDEP0160,2026-06-01 17:39:43.962755445,16832.032539160646,4029.2350957958324,1736.128229194556,217.33473688274185,41.08191607440684,29.114864264727743,166.54691501378318,SYN0160,A5,-12.37009730666965,8.0,16.97998801714443,151.46419361940355,91.69524914784502,DEPARTURE,2026-06-01 17:40:30.962755445,SYNTHETIC
SYNDEP0161,2026-06-01 17:43:47.733798967,14515.754708422863,3378.936872454768,1473.9817309124765,292.6602255147675,40.82028600228879,29.32150483770609,293.319125466549,SYN0161,A4,-17.59257046475806,10.0,18.86678062304031,25.60663289721324,76.55501589494625,DEPARTURE,2026-06-01 17:45:07.733798967,SYNTHETIC
SYNDEP0162,2026-06-01 17:57:07.307127475,17661.86051798597,7663.508299668249,1967.8984723942067,324.760920111309,40.942216864778345,29.330350903414352,262.68551769395293,SYN0162,A3,-18.492558337239064,10.0,5.045461403014419,40.75822188253857,15.6604824903608,DEPARTURE,2026-06-01 18:00:03.307127475,SYNTHETIC
SYNDEP0163,2026-06-01 18:00:55.123489787,14251.018349007798,12683.559599529446,1869.8796787079168,293.6660628268437,41.05207530618834,29.22137715895672,147.0962763458101,SYN0163,A5,-16.837672898137647,9.0,14.722488756442392,240.730114623631,108.09016490808773,DEPARTURE,2026-06-01 18:01:45.123489787,SYNTHETIC
SYNDEP0164,2026-06-01 17:59:18.836806669,17861.117181794074,7439.725595586942,1678.4564016990698,391.9415833207212,40.82109334156934,29.450537867759007,214.0929618903361,SYN0164,A5,-16.020494337297254,8.0,4.710746171090867,94.52608601765579,116.4510043553218,DEPARTURE,2026-06-01 18:03:24.836806669,SYNTHETIC
SYNDEP0165,2026-06-01 18:00:43.659666482,17326.6661861098,11920.998660212048,1871.0183109254172,351.4893726235209,40.805469321896695,29.165099887719943,157.04874754063835,SYN0165,A3,-17.542153235010765,9.0,1.0,256.1061050926461,18.730700035955987,DEPARTURE,2026-06-01 18:03:56.659666482,SYNTHETIC
SYNDEP0166,2026-06-01 18:10:31.314904048,15817.230835876195,9055.792312455973,1800.1694217614306,264.62361176414925,40.807484315611994,29.245677883802344,208.445799524464,SYN0166,A5,-10.011084512455767,10.0,10.986475235539666,17.319070086000472,135.38129794788875,DEPARTURE,2026-06-01 18:12:21.314904048,SYNTHETIC
SYNDEP0167,2026-06-01 18:20:24.382297101,14675.85306290215,9413.751373537682,1324.2145946612438,264.09862830964653,40.95338107183081,29.439467474858933,186.3018879816777,SYN0167,A3,-17.70347663760419,10.0,6.233008962273914,202.57309909566104,120.62782103568436,DEPARTURE,2026-06-01 18:25:20.382297101,SYNTHETIC
SYNDEP0168,2026-06-01 18:22:11.422465606,16454.6223872958,3992.838472086292,962.4404353234665,303.48483597426764,41.043479023379,29.1762571026424,245.14797604505722,SYN0168,A5,-11.69365173017143,8.0,6.479287915302946,140.9215188912625,135.29263770189382,DEPARTURE,2026-06-01 18:25:38.422465606,SYNTHETIC
SYNDEP0169,2026-06-01 18:22:31.112306990,17650.7612291011,10812.568765249272,1668.1448503370495,238.09904097871575,40.83822800132178,29.42854965453107,182.77518367192462,SYN0169,A3,-18.40882252909527,9.0,25.802744942764203,286.9097010895675,113.34100367333367,DEPARTURE,2026-06-01 18:26:02.112306990,SYNTHETIC
SYNDEP0170,2026-06-01 18:26:02.120138772,22185.397458194824,6995.203888179179,1718.4356923325715,338.3144153266243,40.83738307622386,29.131627670947182,338.6199593403211,SYN0170,A3,-10.197553747240525,10.0,1.0,282.22256887400226,116.14730835245274,DEPARTURE,2026-06-01 18:27:18.120138772,SYNTHETIC
SYNDEP0171,2026-06-01 18:32:54.199278752,18818.261265394543,10589.277360832724,1936.1887964554262,298.0800260921792,40.97056405651494,29.295691626875996,154.09014536940703,SYN0171,A3,-17.744765417169152,8.0,13.062969082971769,135.20147128470293,110.82883594806955,DEPARTURE,2026-06-01 18:36:35.199278752,SYNTHETIC
SYNDEP0172,2026-06-01 18:50:15.199278752,18927.969849447523,5557.490054041661,1125.4714899818825,292.8229455429266,40.870288680243576,29.130132264978283,5.729869094295932,SYN0172,A3,-15.783114452164078,10.0,2.041542102841988,224.17704507157714,124.73889286004783,DEPARTURE,2026-06-01 18:53:15.199278752,SYNTHETIC
SYNDEP0173,2026-06-01 18:50:09.016039056,25265.536584580852,8531.148042529738,1137.4275762891348,314.3476833885408,41.01906412054346,29.371161434024607,85.09447274723443,SYN0173,A3,-14.414359332320934,8.0,17.266091274138596,81.91759277501572,17.24968923504326,DEPARTURE,2026-06-01 18:55:04.016039056,SYNTHETIC
SYNDEP0174,2026-06-01 18:58:14.474236938,17547.87543030353,9056.008861812894,1683.9601065231082,366.14149416845294,41.08489061645302,29.41624059562224,180.21846891839616,SYN0174,A5,-18.797142848439066,10.0,12.387449889400527,208.94646102495128,29.957622655139417,DEPARTURE,2026-06-01 19:00:53.474236938,SYNTHETIC
SYNDEP0175,2026-06-01 19:01:04.102328308,17453.93053393511,7537.9000502724,1471.5332044587653,288.5477676093753,41.029810021980126,29.43994341929872,194.6058666799183,SYN0175,A3,-11.831799325208987,8.0,13.03475479344491,29.255289821108082,60.559683992409134,DEPARTURE,2026-06-01 19:04:37.102328308,SYNTHETIC
SYNDEP0176,2026-06-01 19:03:35.889986867,18112.045222964964,9213.63557925847,745.6953557715487,274.3479814564308,41.06315260991368,29.492504900297597,198.85852415233924,SYN0176,A3,-17.253144673191702,8.0,2.440883059181921,156.45754228269962,84.80719313309787,DEPARTURE,2026-06-01 19:05:37.889986867,SYNTHETIC
SYNDEP0177,2026-06-01 19:08:16.176827153,12973.10206723524,7200.808774422474,1650.0432655016764,355.4359811661289,40.9558758172715,29.368806288919835,257.23875537722955,SYN0177,A5,-14.507300983983363,9.0,3.8752966936934126,65.78196535371929,105.52547693232718,DEPARTURE,2026-06-01 19:08:56.176827153,SYNTHETIC
SYNDEP0178,2026-06-01 19:19:59.903819451,14668.295090743732,6052.820740876162,759.0308340044181,328.37752079955675,41.04969579126526,29.40762476553601,98.87333134231004,SYN0178,A5,-14.50366189306753,9.0,17.41800405876709,318.01722555294816,102.98726612915401,DEPARTURE,2026-06-01 19:21:03.903819451,SYNTHETIC
SYNDEP0179,2026-06-01 19:22:37.795239704,14481.492199922997,12816.450148381893,1121.8973792506495,263.95100798081387,40.854870955196006,29.302303311328533,239.3653244549318,SYN0179,A3,-13.973593476742149,8.0,24.166381773820504,160.16429446805944,134.68423245824124,DEPARTURE,2026-06-01 19:27:01.795239704,SYNTHETIC
SYNDEP0180,2026-06-01 19:29:28.384258110,17942.841931658684,11146.858599084328,2040.672549144043,280.259322432951,40.82050436711869,29.46509476047245,253.4516183229166,SYN0180,A4,-19.445140134756855,9.0,13.842462537793498,212.67854950951255,135.93981194321404,DEPARTURE,2026-06-01 19:33:17.384258110,SYNTHETIC
SYNDEP0181,2026-06-01 19:36:51.760679294,15477.476313336403,5717.40576485547,2229.9516071228463,289.7690457969399,40.99678593303741,29.357503352879785,148.06107094349747,SYN0181,A3,-18.313812381684322,8.0,2.820634233828538,129.73746971880374,55.10459566824829,DEPARTURE,2026-06-01 19:38:59.760679294,SYNTHETIC
SYNDEP0182,2026-06-01 19:35:59.485667053,16414.67027642291,9705.332916783838,1013.7374526112153,298.09064723024915,40.815585751127415,29.453420562500536,144.78087569267592,SYN0182,A5,-18.38807757076636,10.0,12.711508179696546,103.94677268632904,99.54304440201885,DEPARTURE,2026-06-01 19:39:37.485667053,SYNTHETIC
SYNDEP0183,2026-06-01 19:42:04.237634010,19262.36386044539,5771.963435896541,1368.2433850349223,212.1700074530443,41.06774442574191,29.194180806805555,64.41292283632191,SYN0183,A3,-16.979487405841482,8.0,29.419776354700875,73.05112190215209,56.08673809112647,DEPARTURE,2026-06-01 19:42:35.237634010,SYNTHETIC
SYNDEP0184,2026-06-01 19:46:45.989564775,18589.452216112415,4445.946069013027,1517.0490092314824,202.875769609922,41.007466244132225,29.298695112287227,149.03545545193455,SYN0184,A5,-18.5508584314166,9.0,10.819382485751294,328.27376976012704,82.47011846585734,DEPARTURE,2026-06-01 19:47:25.989564775,SYNTHETIC
SYNDEP0185,2026-06-01 19:47:48.193909927,15514.83699087626,11101.428324196928,2212.490771032627,235.63049889987732,41.085660217622674,29.391927568425523,283.2538650145245,SYN0185,A4,-10.780786792257103,10.0,21.694726875148795,287.807681673703,102.8716547619398,DEPARTURE,2026-06-01 19:50:34.193909927,SYNTHETIC
SYNDEP0186,2026-06-01 19:47:26.193909927,13990.014709365332,2887.7011230577828,1302.8524208702395,231.76307784943288,40.89416599689397,29.181088701825075,327.23028199795823,SYN0186,A5,-14.870455494886993,8.0,4.077365073290304,47.97401199517112,0.0,DEPARTURE,2026-06-01 19:50:44.193909927,SYNTHETIC
SYNDEP0187,2026-06-01 19:46:25.657125314,19405.824194959565,10780.567740729624,1309.2463907866888,247.80879930137488,40.945847492760485,29.184535917304792,213.70074887446754,SYN0187,A3,-13.764248522973157,8.0,9.663311586908906,268.8209554650474,180.0,DEPARTURE,2026-06-01 19:51:07.657125314,SYNTHETIC
SYNDEP0188,2026-06-01 19:56:59.134803692,18321.673542729597,7241.833062280824,2119.490223385145,311.73553210450024,41.02250710951353,29.491217096162256,107.77332360754757,SYN0188,A5,-16.42511824601879,10.0,14.95652164900434,150.67107973319514,112.65634709589901,DEPARTURE,2026-06-01 20:00:54.134803692,SYNTHETIC
SYNDEP0189,2026-06-01 20:05:09.653002785,11181.229545113853,7365.360190758414,1350.0843389126967,271.55354218376306,40.87283369563824,29.273844144294884,245.6242987175033,SYN0189,A3,-17.237538589660886,8.0,13.178626466102912,5.542795785805148,66.17186898346377,DEPARTURE,2026-06-01 20:06:48.653002785,SYNTHETIC
SYNDEP0190,2026-06-01 20:08:17.314807624,15060.538183275157,9229.25365886987,1788.880683586583,289.8197302505094,40.9625546460335,29.17272618116951,266.4526351305614,SYN0190,A5,-14.96822829767787,10.0,3.8688905591107137,190.21223533543994,167.09479020920912,DEPARTURE,2026-06-01 20:12:27.314807624,SYNTHETIC
SYNDEP0191,2026-06-01 20:18:45.157589371,16496.546386050286,9743.596435982758,909.142813955029,218.78482949788693,40.99784018250164,29.232585552792603,119.59660036103844,SYN0191,A5,-17.056770251651663,9.0,3.523860342955203,46.816718430551795,76.10275318055223,DEPARTURE,2026-06-01 20:21:27.157589371,SYNTHETIC
SYNDEP0192,2026-06-01 20:22:17.331443485,18336.489151363094,5520.970469513275,1431.5069023630695,256.9178898539527,41.093642596334114,29.25895045930637,297.5572301362368,SYN0192,A4,-16.563540742702358,10.0,17.906275224821268,75.57635271369408,95.30077543312231,DEPARTURE,2026-06-01 20:26:30.331443485,SYNTHETIC
SYNDEP0193,2026-06-01 20:41:01.397674495,18730.304484819313,10153.17682625019,836.1612646694382,309.36288308724204,41.023410988272715,29.34923410298809,26.53049956980243,SYN0193,A3,-15.472491257291429,8.0,19.53240650120116,250.57474611267347,70.5153675840949,DEPARTURE,2026-06-01 20:42:17.397674495,SYNTHETIC
SYNDEP0194,2026-06-01 20:51:28.663244966,16851.71800352642,8340.11161407567,1077.8264876177182,309.74762290884007,40.83543925508372,29.469205863619102,3.871338336009189,SYN0194,A3,-14.942663128156445,8.0,22.097148464975362,92.5711333708306,156.07967349773358,DEPARTURE,2026-06-01 20:52:05.663244966,SYNTHETIC
SYNDEP0195,2026-06-01 20:52:39.958992074,17755.742594076568,4231.835621395886,1835.6805420609053,243.7713085906046,40.94260003541499,29.494636030368838,44.26947814753893,SYN0195,A3,-10.156859882181612,10.0,24.431443866022942,321.07975266305397,85.80061174776479,DEPARTURE,2026-06-01 20:53:24.958992074,SYNTHETIC
SYNDEP0196,2026-06-01 20:50:11.125512379,16192.410407134461,7490.376549260783,1480.037843565315,288.0831193189777,40.97663123489687,29.360679503564445,56.163005217903496,SYN0196,A3,-17.766774118380596,10.0,11.076955490580772,236.58111303270118,95.97936402958037,DEPARTURE,2026-06-01 20:55:08.125512379,SYNTHETIC
SYNDEP0197,2026-06-01 20:57:23.145387576,13978.444935458318,12143.837046676777,1372.3577037788102,389.9423926741166,40.8439869428593,29.37996894431909,316.41445186117966,SYN0197,A3,-15.120238351173528,10.0,7.510406046147253,299.62205456789127,138.15128612101785,DEPARTURE,2026-06-01 20:58:14.145387576,SYNTHETIC
SYNDEP0198,2026-06-01 20:54:48.262250976,15216.206826876238,13029.78439473709,1200.5001504076329,279.1201035372181,40.929589817094325,29.228731667878638,152.99341279966112,SYN0198,A3,-18.504882605106612,8.0,20.80792751022775,221.46823379886627,113.40557829844306,DEPARTURE,2026-06-01 20:59:31.262250976,SYNTHETIC
SYNDEP0199,2026-06-01 21:03:54.325056165,16056.973559920325,10152.045372826033,1411.7375707034869,245.34065269287774,40.88520174490075,29.4428634381795,98.9754091093374,SYN0199,A5,-16.500007672920272,9.0,15.704554254812694,312.7858527679257,87.82607739463712,DEPARTURE,2026-06-01 21:07:40.325056165,SYNTHETIC
SYNDEP0200,2026-06-01 21:07:19.560247945,15895.96224994423,4428.96953549489,1620.4452668402776,271.311880531892,40.8356482626786,29.187119334088127,154.46704175525497,SYN0200,A3,-12.826892812935958,9.0,2.1403579306592686,130.20648300797407,134.41563889429852,DEPARTURE,2026-06-01 21:08:28.560247945,SYNTHETIC
SYNDEP0201,2026-06-01 21:07:48.290839619,10343.281286669588,9471.820707367664,1893.1664825847047,284.60885537634164,40.953612580039035,29.14255225972439,142.1427213722276,SYN0201,A3,-18.255378562394256,9.0,1.7309146758487088,197.6906076788087,180.0,DEPARTURE,2026-06-01 21:12:11.290839619,SYNTHETIC
SYNDEP0202,2026-06-01 21:16:45.125663126,14807.549995211706,10552.58271157758,449.9413263612791,272.44158096547255,40.8496899243037,29.48930239603906,108.52620047568611,SYN0202,A3,-14.186486924499569,8.0,13.935441610850473,185.72054415996007,102.69641795197685,DEPARTURE,2026-06-01 21:17:53.125663126,SYNTHETIC
SYNDEP0203,2026-06-01 21:20:28.538376325,16168.616959267456,10177.123949956167,1167.295530294876,278.4322649661749,40.97716122257572,29.445655470728212,49.64384966830751,SYN0203,A5,-15.832989764319928,9.0,8.581802708128002,325.3646549080694,94.67040351490266,DEPARTURE,2026-06-01 21:21:36.538376325,SYNTHETIC
SYNDEP0204,2026-06-01 21:19:45.284929333,15155.890024282897,10354.862866063755,1563.6384968756022,207.827660153158,40.850909079672554,29.221458053815255,236.12956631059703,SYN0204,A5,-19.48420455595527,9.0,9.788560362074419,59.36954709910087,96.82508334476326,DEPARTURE,2026-06-01 21:22:50.284929333,SYNTHETIC
SYNDEP0205,2026-06-01 21:23:54.654018908,15259.528613465243,9089.789237742592,1460.4547536150856,231.86847624570242,41.017078477080844,29.37006828655242,49.177585000675926,SYN0205,A3,-10.669247585215555,8.0,18.580266917681556,208.10187474720928,142.4171800332607,DEPARTURE,2026-06-01 21:25:41.654018908,SYNTHETIC
SYNDEP0206,2026-06-01 21:24:32.100982321,17463.97411241376,7782.762983508369,1661.35049701069,272.5332381464251,40.8585724869089,29.28680734296528,279.15280296216275,SYN0206,A3,-15.863968597071135,9.0,16.072297159880286,271.5952299217129,66.0320905986831,DEPARTURE,2026-06-01 21:26:20.100982321,SYNTHETIC
SYNDEP0207,2026-06-01 21:28:00.583498705,12763.128438854099,6174.897512287945,1607.0161144506214,271.73660149887814,41.06888553023285,29.22925128245819,72.6076847809633,SYN0207,A3,-12.160734642488338,8.0,20.638985987347453,133.2179137921177,78.86729761153356,DEPARTURE,2026-06-01 21:29:22.583498705,SYNTHETIC
SYNDEP0208,2026-06-01 21:29:30.831421620,11115.873358146366,2306.193444495511,1378.052854802637,251.69053625699996,40.80786280696464,29.21470968430412,263.2936705679922,SYN0208,A3,-15.836865112681997,8.0,1.0,312.3293488617515,28.50228203493435,DEPARTURE,2026-06-01 21:32:44.831421620,SYNTHETIC
SYNDEP0209,2026-06-01 21:35:01.823261791,14955.490627489975,9018.925300140052,1289.2587216051293,271.14932069617817,40.95659921611372,29.154410978088364,290.01099805036813,SYN0209,A3,-10.626396784212155,8.0,12.027183337769607,134.28531614798428,42.64528549440105,DEPARTURE,2026-06-01 21:35:38.823261791,SYNTHETIC
SYNDEP0210,2026-06-01 21:37:20.102918620,18292.343216505367,8558.158530956565,1401.7994041057996,283.05074277071026,40.89603142976596,29.319727232910335,45.117363518802264,SYN0210,A3,-17.095296655711024,9.0,15.557508179177654,62.391153562529794,69.28799989208119,DEPARTURE,2026-06-01 21:38:56.102918620,SYNTHETIC
SYNDEP0211,2026-06-01 21:37:07.600306676,21062.659118459916,9672.727528474448,1959.4969399290972,324.4706728262263,40.867522957732376,29.278638676047002,31.228476583681463,SYN0211,A4,-15.877693503123032,8.0,1.0,210.25740794581142,87.76252023758309,DEPARTURE,2026-06-01 21:40:06.600306676,SYNTHETIC
SYNDEP0212,2026-06-01 21:51:29.903574442,18346.38471728422,3987.3689201213174,1207.1968268377143,275.0394132386975,40.941480833749544,29.304874568119978,341.84619743531755,SYN0212,A3,-12.411357597407136,9.0,4.760834869520223,151.4044836134325,160.76333303080477,DEPARTURE,2026-06-01 21:54:10.903574442,SYNTHETIC
SYNDEP0213,2026-06-01 21:55:56.003156728,11595.208720393459,9935.050067945182,1474.8773107424179,299.95516026491265,41.05260586089728,29.186142866991762,166.69685043092906,SYN0213,A5,-16.56332684719143,9.0,3.276118701368648,5.468437685521637,111.43971219700897,DEPARTURE,2026-06-01 21:59:34.003156728,SYNTHETIC
SYNDEP0214,2026-06-01 22:02:08.471464298,15302.898281869686,14163.635283862332,1573.3368855993683,252.91998492830396,41.074583161658,29.4754442683093,226.88477819027582,SYN0214,A3,-16.356429286648208,10.0,10.17358536847933,25.141893297661156,53.516859592408245,DEPARTURE,2026-06-01 22:03:36.471464298,SYNTHETIC
SYNDEP0215,2026-06-01 22:04:43.536862537,16769.903143244588,8235.350392333734,2124.140371949783,308.6047861799241,40.890974585444354,29.355436478532216,8.373758443836392,SYN0215,A4,-10.051768265857765,8.0,23.02283174955251,70.2997848743724,60.88078058543539,DEPARTURE,2026-06-01 22:08:07.536862537,SYNTHETIC
SYNDEP0216,2026-06-01 22:06:11.965993544,16532.773350770778,7815.0040423803775,1379.8766967054746,298.78651488061786,40.84627308662852,29.459840262953335,100.33566500028236,SYN0216,A4,-14.44385474309648,9.0,26.180715237319205,276.9587854265348,144.98994732922617,DEPARTURE,2026-06-01 22:10:06.965993544,SYNTHETIC
SYNDEP0217,2026-06-01 22:18:38.684612916,17617.913658828624,8927.007068257102,1883.5226624043844,323.29085015899096,41.016042134269895,29.143708466413102,181.94315564137904,SYN0217,A5,-13.10619546329852,8.0,3.485699575413742,321.1342257721494,135.0644139451677,DEPARTURE,2026-06-01 22:20:52.684612916,SYNTHETIC
SYNDEP0218,2026-06-01 22:19:51.881650881,13248.853160617718,14097.011074131013,1992.791761306009,315.6730231222244,40.9745996176368,29.34914038634247,319.03859282018544,SYN0218,A3,-13.565377658463902,9.0,14.212458003948594,196.43071464512008,91.12599640896812,DEPARTURE,2026-06-01 22:21:30.881650881,SYNTHETIC
SYNDEP0219,2026-06-01 22:18:42.552976431,16194.829262652227,4929.056714900327,1474.4982940037407,309.4367811440573,40.86030484460326,29.439784727457663,97.71819032317546,SYN0219,A3,-11.720758528434278,9.0,14.470382817138521,38.00356650508445,72.29894137844671,DEPARTURE,2026-06-01 22:21:41.552976431,SYNTHETIC
SYNDEP0220,2026-06-01 22:23:13.537285126,17260.96848932839,8609.620800181714,1415.712408369295,275.079129567111,41.028088736426234,29.23236831192579,279.06887514913905,SYN0220,A5,-11.38174900558257,10.0,13.101006172117982,192.39082280706455,134.99731342818572,DEPARTURE,2026-06-01 22:26:19.537285126,SYNTHETIC
SYNDEP0221,2026-06-01 22:29:02.236291464,18477.012859910978,5601.027733107067,1368.3785311807135,292.2469613522234,40.95567913057264,29.178057267654395,238.39665417313265,SYN0221,A5,-14.367438675296905,9.0,13.191837077913872,308.0179658149002,50.26691493101254,DEPARTURE,2026-06-01 22:29:57.236291464,SYNTHETIC
SYNDEP0222,2026-06-01 22:28:34.150495606,13582.845500161624,6358.985837465015,1397.670746302967,333.17544642257633,40.996018559852224,29.20600852232225,41.49747641006819,SYN0222,A3,-17.054439250336006,10.0,12.429940019610624,269.81194648413225,105.68121592230092,DEPARTURE,2026-06-01 22:31:36.150495606,SYNTHETIC
SYNDEP0223,2026-06-01 22:46:55.858098614,14964.529398271306,7851.229076354182,1841.6959442307332,247.3962715298603,40.90780171018901,29.20917349069992,105.61506220511876,SYN0223,A3,-19.771997524250306,8.0,23.50056096645136,104.79533893105499,180.0,DEPARTURE,2026-06-01 22:48:06.858098614,SYNTHETIC
SYNDEP0224,2026-06-01 22:50:15.330511200,7888.546959779979,12041.969724840676,1592.4039909022056,248.5796110651567,40.93172926839071,29.278879585969413,85.63105311790311,SYN0224,A3,-13.855967489356798,8.0,18.81973211494446,44.600619343808816,98.2142272900583,DEPARTURE,2026-06-01 22:53:18.330511200,SYNTHETIC
SYNDEP0225,2026-06-01 22:51:38.130198481,14135.614097266678,13402.971802066211,1594.1158836679479,289.0715698975181,40.85410262951248,29.230385441111732,159.30993152638277,SYN0225,A5,-11.745311667343804,8.0,1.5187688192138626,324.2454119144075,58.97562082953583,DEPARTURE,2026-06-01 22:56:19.130198481,SYNTHETIC
SYNDEP0226,2026-06-01 22:59:55.862259367,14426.75532108687,9344.426433880119,1049.9105958480661,300.76398451327265,41.026954760293606,29.2085096290832,228.7203274971303,SYN0226,A5,-15.494601944883405,9.0,16.365768647044394,307.471948787596,106.41474810686151,DEPARTURE,2026-06-01 23:02:50.862259367,SYNTHETIC
SYNDEP0227,2026-06-01 22:59:40.081181391,12941.24647549767,6870.215830929544,1113.0039690499061,238.7946750367998,40.84710339724553,29.359404919362056,156.0311119830624,SYN0227,A5,-18.352938595091356,8.0,17.138986996091617,19.337531452281283,71.1996512393861,DEPARTURE,2026-06-01 23:03:35.081181391,SYNTHETIC
SYNDEP0228,2026-06-01 23:03:26.333430532,16496.836450697956,15478.216599915555,2357.378729910792,276.2618718293346,41.03349077842532,29.121212948668756,88.03316727065015,SYN0228,A5,-17.119179270643592,8.0,12.51973829721431,296.5228163368431,34.23536624986342,DEPARTURE,2026-06-01 23:05:19.333430532,SYNTHETIC
SYNDEP0229,2026-06-01 23:01:36.006020496,15832.163703864195,6717.33655601144,1428.8697098845241,275.30006128856076,41.039402356465374,29.23614551125589,250.51635656217917,SYN0229,A3,-14.900110704881355,8.0,19.051394964021835,34.99654960257822,118.04144107488428,DEPARTURE,2026-06-01 23:06:15.006020496,SYNTHETIC
SYNDEP0230,2026-06-01 23:03:04.844266773,9222.358367267167,6286.592256920788,1190.091201768656,169.23599421982647,41.02398028921654,29.37590078637619,210.40959409613635,SYN0230,A3,-11.633187810223335,10.0,11.504592274392298,22.782108024733326,134.7133760219889,DEPARTURE,2026-06-01 23:07:13.844266773,SYNTHETIC
SYNDEP0231,2026-06-01 23:08:54.209648265,16646.52390790527,2675.1708662638193,2072.439666235719,269.02030053706204,40.80582683641762,29.170339899712403,186.9530066696491,SYN0231,A3,-18.282468539315794,10.0,11.603741768610005,273.0963229726534,77.56373311709709,DEPARTURE,2026-06-01 23:13:31.209648265,SYNTHETIC
SYNDEP0232,2026-06-01 23:12:19.337490427,13215.027607632917,12188.27470773423,1612.7234194734208,272.1341083575767,40.881939963782,29.188371144885167,199.5910550805522,SYN0232,A5,-13.878501242904859,8.0,10.969924357416346,193.0718238929849,74.91057303614906,DEPARTURE,2026-06-01 23:16:09.337490427,SYNTHETIC
SYNDEP0233,2026-06-01 23:16:09.446885580,17457.066877571546,10904.736777113882,1731.2619667458086,271.98535285884907,40.94050132283754,29.18026665016517,79.88423266577648,SYN0233,A3,-12.466313860494546,10.0,1.0,149.2372886725148,51.53738435512682,DEPARTURE,2026-06-01 23:19:34.446885580,SYNTHETIC
SYNDEP0234,2026-06-01 23:18:16.359156452,12154.446256814004,15253.416608349338,1444.7811698873866,350.7957137288634,40.97866331361504,29.100370442692565,244.95518199328424,SYN0234,A3,-10.639524796651768,8.0,9.356812848753009,325.3903905513679,84.00257598129734,DEPARTURE,2026-06-01 23:21:07.359156452,SYNTHETIC
SYNDEP0235,2026-06-01 23:17:00.316497052,16090.01961559282,3831.4299433456226,1372.5307637692783,219.21008507455625,41.075766629810715,29.28950710073263,139.5001927939566,SYN0235,A3,-18.832963083211407,9.0,4.653995404363434,302.14928594439135,67.50526468307237,DEPARTURE,2026-06-01 23:21:40.316497052,SYNTHETIC
